rank,id,label,length,A,T,G,C,N,gc_content,sequence_preview
1,NC_001323.1,NC_001323.1 Gallus gallus mitochondrion,16775,5075,3990,2266,5444,0,45.9613,AATTTTATTTTTTAACCTAACTCCCCTACTAAGTGTACCCCCCCTTTCCC...
2,NC_012920.1,NC_012920.1 Homo sapiens mitochondrion,16569,5124,4094,2169,5181,1,44.3599,GATCACAGGTCTATCACCCTATTAACCACTCACGGGAGCTCTCCATGCAT...
3,NC_001644.1,NC_001644.1 Pan paniscus mitochondrion,16563,5189,4186,2104,5084,0,43.3979,GTTTATGTAGCTTACCCCCTTAAAGCAATACACTGAAAATGTTTCGACGG...
4,NC_002333.2,NC_002333.2 Danio rerio mitochondrion,16596,5301,4668,2658,3969,0,39.9313,ACGGCCGGCGACAATTTATATGTCAATGTTTTAGTAATTTACAATTAAGA...
5,NC_006853.1,NC_006853.1 Bos taurus mitochondrion,16338,5457,4441,2202,4238,0,39.4173,ACTAATGGCTAATCAGCCCATGCTCACACATAACTGTGCTGTCATACATT...
6,NC_007596.2,NC_007596.2 Mammuthus primigenius mitochondrion,16770,5514,4783,2248,4225,0,38.5987,GTTAATGTAGCTTAAAACAAAAGCAAGGTACTGAAAATACCTAGACGAGT...
7,NC_001665.2,NC_001665.2 Rattus norvegicus strain BN/SsNHsdMCW mitochondrion,16313,5544,4477,2011,4281,0,38.5705,GTTAATGTAGCTTATAATAAAGCAAAGCACTGAAAATGCTTAGATGGATT...
8,NC_004025.1,NC_004025.1 Lemur catta mitochondrion,17036,5641,4906,2149,4340,0,38.0899,GTTAATGTAGCTTAAATTATCAAAGCAAGGCACTGAAAATGCCTAGATGG...
9,NC_001626.1,NC_001626.1 Petromyzon marinus mitochondrion,16201,5227,4929,2182,3863,0,37.3125,ATGTCCCACCAACCGTCTATTATTCGAAAAACTCACCCTCTCCTATCATT...
10,NC_005089.1,NC_005089.1 Mus musculus mitochondrion,16299,5629,4681,2013,3976,0,36.7446,GTTAATGTAGCTTAATAACAAAGCAAAGCACTGAAAATGCTTAGATGGAT...
